driverId,first_name,last_name,email_address,user_password,driver_license_number,phone_number,join_date
50000,Boonie,Franck,bfranck0@example.com,RwkEPNzPDLlS,ZLIWX378386RD2CZ,8987993848,06/07/2021
50001,Ragnar,Hinners,rhinners1@vinaora.com,2evD5tKn,EJSVT728550HT4PJ,2500480236,14/07/2021
50002,Kenon,Teggin,kteggin2@fastcompany.com,ANqtjCh,WCFZZ960681AB4DS,3631530071,21/01/2022
50003,Sanders,McAlester,smcalester3@weibo.com,kCBorTnZs5k,EXXNX870108OA6LL,5151943496,01/05/2022
50004,Lisa,Chaldecott,lchaldecott4@buzzfeed.com,y9K5OEYVkfo3,XHODP812867XC6SB,6125046270,14/01/2021
50005,Abdel,Knath,aknath5@youtube.com,295Zu7I7A,VQZMI395580QD0ZL,9761644292,28/11/2022
50006,Marius,Deegin,mdeegin6@sohu.com,YdZXoTGTBE,CJPDW187330JZ7HM,9452079997,20/10/2021
50007,Roddie,Youdell,ryoudell7@unc.edu,pfde2I0avHhD,ZRNNV853890TF4ST,964344817,06/06/2021
50008,Lev,Pauleau,lpauleau8@t-online.de,KXbCg0UsGVC,VVODI568218NS0XA,9526390603,24/06/2021
50009,Dorelia,Leband,dleband9@bloglines.com,8a3zGumV4,GRPMZ964063WU2KN,8061554564,30/03/2021
50010,Marc,McEttigen,mmcettigena@dailymotion.com,NBbNSDDDU,UNDBH431239EL7BH,9475124021,23/05/2021
50011,Ode,Crown,ocrownb@washingtonpost.com,qkGHYPs,DXAYI336191EY3TE,9269244683,30/07/2021
50012,Daniela,Langhorn,dlanghornc@g.co,GJMvxOWHELU,KAMOW636397AH4OD,2702639783,15/02/2021
50013,Aeriela,Midlar,amidlard@trellian.com,MhodY5UdI2m,OLGAA339485SY9VC,5385402049,23/03/2021
50014,Mae,Aicken,maickene@usnews.com,vZyKsvqt8,HDKNB892528IB6OY,4953171747,08/12/2022
50015,Lowe,Piddlehinton,lpiddlehintonf@salon.com,jGfVtMTRubPp,FFVLG544341GV1EF,6573227212,23/12/2021
50016,Alidia,Cosser,acosserg@aol.com,OwW46jihW43,RZRXE805976GC1ZH,3081242343,01/06/2022
50017,Jefferson,Harly,jharlyh@vimeo.com,nsM9SQTuv,DMTKF223150DB5IO,3089206386,31/12/2021
50018,Kesley,Siehard,ksiehardi@dell.com,2cqRpADo,LVGPI159556CJ1OE,7273619383,17/04/2021
50019,Gwyn,Noah,gnoahj@dell.com,cXvstR85T,HCMTY771516JI0FX,7430809825,29/04/2021
50020,Carmela,Lucks,clucksk@ezinearticles.com,OM5SnxoYw0k,RHFSB582317TT8KW,1646685801,22/03/2021
50021,Magnum,Clunie,mcluniel@tinyurl.com,SWC22A,LTWIS053465AI3BC,3189728238,15/06/2022
50022,Curtis,Brennan,cbrennanm@wunderground.com,9t2yZ868T,NGHIT691761XY8TP,9812264350,17/05/2021
50023,Mathias,Reddle,mreddlen@addtoany.com,oBV6S1yYjLN6,EVSWZ002770NF2GU,3182874741,30/12/2022
50024,Vanna,Cossar,vcossaro@sfgate.com,u2JRGB,HXQQK555965NC2MI,9092150642,10/03/2021
50025,Martyn,Kibbe,mkibbep@live.com,VF61E6i57o,VEATO282427EX9PJ,3430757829,17/05/2021
50026,Beaufort,McRobert,bmcrobertq@google.it,KJHcwh6EH7,RNDLJ845332ZF5CY,1499330111,14/04/2022
50027,Jerrie,Defont,jdefontr@ezinearticles.com,91nORVD29z,UMGZY921510CH2PH,4209323249,17/07/2022
50028,Mona,Schoenrock,mschoenrocks@about.me,jotLghu,KSWVG508393AL8XR,9536634156,03/03/2022
50029,Mace,Heinig,mheinigt@netscape.com,Rnbee9f5QWe,OQMUQ098763OG9EM,4829296748,06/07/2021
50030,Ardeen,Midlar,amidlaru@yahoo.com,FrvNUpiR,WJQFA576896VC5JH,7532853308,10/09/2022
50031,Lothario,Tomsett,ltomsettv@theguardian.com,dzeYm1UsR,WOPBC137184WU5UM,1016038838,13/03/2021
50032,Lucie,Rosenfield,lrosenfieldw@rediff.com,ItPf9X9at,HMJOG328637DV3PG,8561747267,25/09/2022
50033,Brandais,Hallsworth,bhallsworthx@cafepress.com,RRHR4SV,MUINZ966128QC9FD,266937299,18/04/2021
50034,Lou,Searchfield,lsearchfieldy@tiny.cc,fV8rNt0,DIVSZ561992ZF3SX,8543503156,19/07/2021
50035,Kara-lynn,Verity,kverityz@miibeian.gov.cn,bmIQTBF71Bv,VRPQH695324LH2ZO,1352366748,24/03/2021
50036,Sandor,Churchman,schurchman10@ustream.tv,Go05FHN,BVAQR676482RY8WL,8201668599,12/09/2021
50037,Ulric,Trank,utrank11@baidu.com,OAUolJyV,BXODN964346ZA0LU,5207335379,31/05/2022
50038,Jaye,January,jjanuary12@cnn.com,u48FEYkuzsnJ,LKMGO557933MS2IW,5969576486,03/12/2022
50039,Emma,Bambury,ebambury13@opera.com,9LySIBj2WoX,OROIL441516SC7KN,2931801347,26/11/2022
50040,Caressa,Highton,chighton14@yahoo.co.jp,SrGU3TV,INKEQ915857CC7EM,4020733264,10/11/2022
50041,Amalita,Cruess,acruess15@jimdo.com,bhsOIWc36s,BDVVA308904SX2MY,4604244915,31/03/2021
50042,Florry,Fass,ffass16@craigslist.org,MaIlS1Wj,OPKKP206118MB6CQ,2979660001,26/04/2021
50043,Page,Kiely,pkiely17@oakley.com,CdnmNraxT2k,SUPAN011608QG1EJ,6456770276,04/05/2022
50044,Tobin,Krolak,tkrolak18@goo.gl,O3kTyO4Ldn,YQLBQ766803QC3JF,7724727273,06/02/2022
50045,Goddard,Wondraschek,gwondraschek19@uol.com.br,y9OqcWNapwQ,ZDFRP423191IK2GW,757747649,16/08/2022
50046,Elizabet,Schurig,eschurig1a@netscape.com,Fa5hXU,HNWGG561126RU4XM,3861110807,10/12/2022
50047,Klarika,Eddow,keddow1b@theatlantic.com,xzpexd2,HTZXS634725UZ5AS,9169455711,20/02/2021
50048,Evvy,Matteini,ematteini1c@squidoo.com,mumMwtdVeb4,HGPTR332615BN6KQ,3626749768,23/11/2022
50049,Arlyne,Scruby,ascruby1d@usnews.com,QH8K8MyOh,VXPHQ561329XF7UR,1188033738,08/01/2023
50050,Dalton,Forrester,dforrester1e@springer.com,LgjNqS,TAYYV684609SR5MP,6740657740,29/05/2022
50051,Coraline,Vogt,cvogt1f@edublogs.org,q0N84x9oMPM,HHODG022425SG6FV,8549948292,21/01/2023
50052,Mario,Birwhistle,mbirwhistle1g@mysql.com,seLd5ftlK3,UCBXQ347099UR6QV,3622403409,21/10/2022
50053,Doralia,Tillot,dtillot1h@usa.gov,uV0CS7WWNr,FVQYM480931WN0KU,720494370,07/01/2022
50054,Rivkah,Wisby,rwisby1i@yolasite.com,z8R77ve8BV,OSFBH040185YU1KL,7684509827,28/06/2022
50055,Denise,Dayes,ddayes1j@elpais.com,EgtNBfE6,FLNOL878941HR3CJ,8820878937,06/07/2021
50056,Meggi,Lightning,mlightning1k@bloglines.com,FwHUS2c,AMTHG558465FJ6AJ,9563590390,08/04/2021
50057,Elfreda,Sheals,esheals1l@photobucket.com,4bMySQ8GoMe,DEDOC898683XP3CW,1325483252,07/06/2022
50058,Fiorenze,Dugget,fdugget1m@alibaba.com,aZeXPAJ8DMDa,ECOAY650187VB6VA,2098882830,21/08/2021
50059,Odelle,Adamik,oadamik1n@photobucket.com,vFT0nJ73wq5U,SBBAG621778JO7MY,9715963297,13/11/2021
50060,Petronille,McCaughen,pmccaughen1o@sina.com.cn,ogOaVtNV,LEJUV025940GG1FK,6321677915,28/04/2022
50061,Forest,Fishbourn,ffishbourn1p@icq.com,elyhdsjqi,XEKFO274792YO7FD,7260124991,25/06/2021
50062,Ailis,Arington,aarington1q@google.co.jp,kMLCS2qqlqYR,PIBTC144699UZ1IA,6823556946,19/02/2022
50063,Dory,Jumeau,djumeau1r@shinystat.com,F3EAagqiSBng,MMXOZ129639XX8BD,5514189403,13/08/2022
50064,Humfried,Dufer,hdufer1s@accuweather.com,LRkajJ7,JVSJN886530MY8DP,3588597263,13/07/2021
50065,Alden,Dmitriev,admitriev1t@kickstarter.com,lgte3gC6jE0B,VDZGZ709781NL6QZ,1981553394,03/09/2021
50066,Allin,Cloney,acloney1u@timesonline.co.uk,3PA4Nn,NEHAN708558GM7RX,826661425,16/03/2022
50067,Tera,Crosdill,tcrosdill1v@howstuffworks.com,Ht2UYy2,QCXYA832820XN5TV,272973049,16/10/2022
50068,Nessy,Laxon,nlaxon1w@google.nl,dY2qky,HTRYL877524OR0TW,4642380018,03/09/2022
50069,Karia,Dicks,kdicks1x@netscape.com,Y0bGQDXh2gqD,WFJPZ297646BZ0YO,5169435125,29/07/2021
50070,Nicolette,Hattrick,nhattrick1y@storify.com,YSzGEABioFh,XVFGZ659529CM8NR,2539822770,07/07/2021
50071,Nalani,Blankenship,nblankenship1z@ibm.com,dpFOeHfi0DDR,GJNPR359207JA6UN,2744375410,12/06/2021
50072,Anson,Pietzke,apietzke20@jalbum.net,NCsZFfMT,FIGKV603324RJ2KO,5957734017,07/04/2021
50073,Paten,Laye,playe21@businessweek.com,aWzEeJeQ,PTBXC687296FS7GK,662871686,10/04/2022
50074,Claus,Djorevic,cdjorevic22@jigsy.com,m4aeGMgkqG,WTXGT108921CW5NA,2629802482,07/09/2021
50075,Arturo,Ottery,aottery23@youtu.be,yg4NUg,HZMFC114229MT0PW,7210781773,24/07/2022
50076,Madelyn,Karolczyk,mkarolczyk24@ucoz.com,uhQu6M1,FYSLQ647208EJ8HQ,1919157235,18/09/2022
50077,Rozella,Urpeth,rurpeth25@ihg.com,lToHsVkbq,KBQTZ871017CC5EK,1576920825,09/11/2022
50078,Marilee,Cowley,mcowley26@dailymail.co.uk,UDTSYhry,XVWPY554901NC3EK,8951343342,11/08/2021
50079,Jillian,Trenear,jtrenear27@state.tx.us,iQ8SsSyg6PZ,VDPXR116032LV5CJ,9230665717,02/12/2022
50080,Corrianne,Allans,callans28@phoca.cz,KVzVJKfk4,DZYBZ933504WR4WS,4430628403,09/04/2022
50081,Jobye,Pressland,jpressland29@earthlink.net,LgbKP7UT,ADNNT864316BO8JG,880843780,30/07/2021
50082,Goldy,Kobiera,gkobiera2a@abc.net.au,Y0b6LqBezv,HIZPV029278YD3BC,4306231266,22/11/2021
50083,Brenda,Arrighetti,barrighetti2b@wikipedia.org,YQrPe9s6k,RVPFF611571QX9TB,7643254817,15/11/2021
50084,Clem,Davidov,cdavidov2c@sina.com.cn,G40rpfH,OLXUV740447HY4OF,4052954159,22/06/2021
50085,Angil,Ferry,aferry2d@forbes.com,VYefqur3TTF,AWVRL075744JP7YO,713120957,26/12/2021
50086,Abby,Bascomb,abascomb2e@chicagotribune.com,wNl6aLU7Wqt,EHVKN919164HG5HO,8977849270,07/04/2022
50087,Chico,O'Kenny,cokenny2f@seattletimes.com,kYsMys,ZDFCO078861YH8LT,53723509,23/01/2021
50088,Juliane,Godleman,jgodleman2g@amazon.de,OksH0Q,ZDADD383499TS4CH,8600703816,17/04/2021
50089,Cully,Wagstaff,cwagstaff2h@walmart.com,ToprZu3OW,PMBEY265966IC3PL,8035056126,12/12/2022
50090,Vale,Oldknowe,voldknowe2i@example.com,UGJOeT38U,FKNTK409938GJ4BG,6294367928,10/01/2022
50091,Doyle,Ivers,divers2j@webeden.co.uk,tMh5ZALE2,NMCAS364074RS6EH,7302349111,02/01/2022
50092,Howey,Amberson,hamberson2k@mozilla.com,TV9rs9dm0goC,CJKUX770097UT9FE,7371617722,18/02/2021
50093,Kerr,Iddenden,kiddenden2l@ihg.com,05vUU8BrT75X,IVKZU729705DY0GI,1353841787,25/05/2021
50094,Bertram,Perigeaux,bperigeaux2m@reverbnation.com,TqtZ7Z8nU7,JWGBD311684BP3XL,981036703,16/03/2021
50095,Halli,Spilsted,hspilsted2n@google.es,z4di2L,MIDNI122149SB9UW,7470180792,02/05/2021
50096,Richard,Dignon,rdignon2o@youtu.be,W95byhLbI,VOPKB784492RV8IU,3131921689,24/10/2021
50097,Pennie,Alves,palves2p@constantcontact.com,PMKWupmwz,SYIPG665344MA5LA,1999325929,20/06/2022
50098,Malory,Timoney,mtimoney2q@wiley.com,7Oa1GB2QMi,VWAEA058058RM2TP,130148453,27/07/2021
50099,Dud,MacDiarmid,dmacdiarmid2r@wisc.edu,ISMFhwtJ,BYZCF063025YC2CH,6668412905,12/04/2021
50100,Elwyn,Doret,edoret2s@cnbc.com,ciyrPXl,RCSOD206705KR7WM,7834238102,17/03/2022
50101,Sibylla,McAdam,smcadam2t@livejournal.com,pOTGYTvRc,HKUEV134656PJ0XJ,8387494740,02/07/2022
50102,Darby,Berlin,dberlin2u@bloomberg.com,9NsKiACFAbD,CLNVK051900SY2MQ,2896679946,21/02/2021
50103,Randolf,Evensden,revensden2v@wordpress.com,LV5GBKk,GCTKE774879VF8OE,2474601409,30/11/2022
50104,Hali,Landa,hlanda2w@tinyurl.com,LuQidK8qKVl5,QIYXG987511KF5NO,5565372820,21/12/2021
50105,Jaquelyn,Lindroos,jlindroos2x@vk.com,8c1by5man,VOZZE232652JM8VX,108133207,17/01/2022
50106,Constantin,McKinnon,cmckinnon2y@dagondesign.com,JG7EjJIqKd,WDHJN493152IH0PX,2249481276,10/09/2021
50107,Annabela,Meert,ameert2z@wordpress.org,iz3hFFvK,QATYW280985DY0OT,5791103846,25/08/2021
50108,Pryce,Swanwick,pswanwick30@tripod.com,HX55o8VM,TZEUO581469IL4HF,6638062759,19/09/2021
50109,Devlin,Currum,dcurrum31@sfgate.com,7vZ6bprWE1QW,XSGFJ404617HQ0VG,2843565066,09/09/2022
50110,Peterus,Craxford,pcraxford32@deliciousdays.com,HwIz0h4tm,PNERK689740AA6VR,7144106336,28/05/2022
50111,Alasdair,Masser,amasser33@theatlantic.com,SXEtkc,DWTYL059213GO0IL,816278672,25/09/2022
50112,Sheila-kathryn,Trematick,strematick34@intel.com,buEKwSlZLQ,BYZPP871688BA6EG,1517235972,17/08/2021
50113,Neron,Hampe,nhampe35@indiegogo.com,Se5EhqEPLp,DHLBX428636CC8RX,1790672306,29/05/2021
50114,Antony,Scrivner,ascrivner36@rediff.com,jik5kDBy3ZD,JQIQM139941GN3HE,7953955856,20/08/2022
50115,Suzette,Dillinton,sdillinton37@google.nl,1tYtNzkbe,ZDQGC414445KU0SJ,225687346,13/10/2021
50116,Dur,Warrier,dwarrier38@list-manage.com,LlrxbrBQVf6,CIHHW804960SM2OD,8279174616,19/05/2021
50117,Marguerite,Nurny,mnurny39@parallels.com,lfzfjUzOWr,UQORX934589VV7UA,1045557554,16/06/2022
50118,Price,Poulsom,ppoulsom3a@stumbleupon.com,oUamnUwit,HMKMM716316AQ6ZR,2343182726,29/07/2022
50119,Cullie,Piddle,cpiddle3b@ocn.ne.jp,H1wkRj9H,MFLNQ866198YE4GA,7407850128,09/04/2022
50120,Ruggiero,Edgeson,redgeson3c@whitehouse.gov,6bhZqsZTiX4,XLFLF444933VF4SB,2343837070,17/08/2021
50121,Ezequiel,Dudgeon,edudgeon3d@ox.ac.uk,pzJ0Gbe,WRSAB757045NS4XO,7198609714,15/06/2021
50122,Reina,Conaghy,rconaghy3e@t-online.de,XmfzqdHoj,OYBUP563055RC9PX,2205792577,07/04/2021
50123,Renie,Stittle,rstittle3f@w3.org,F8BuqiSU,UOGBO590586XQ4DM,8201573754,01/11/2021
50124,Tremaine,Bautiste,tbautiste3g@furl.net,VWCiLbPA40,RCXTU798850CL5ZP,1709838948,07/01/2023
50125,Andris,Mair,amair3h@mac.com,8QLalcSWHt,DWZPA665067SP8YU,9241396349,30/10/2022
50126,Mollie,Habeshaw,mhabeshaw3i@unblog.fr,tFlzY29kj,QRXWZ659201YC0NH,7281608846,06/02/2022
50127,Nelson,Hollows,nhollows3j@weebly.com,Rqv8OyiMR,VYVFU377774OK3WY,9596381770,28/05/2022
50128,Remus,Grinikhinov,rgrinikhinov3k@ebay.com,GpvuJHx7V,ADWOJ139479GD9JL,1062477025,03/07/2021
50129,Raul,Burnage,rburnage3l@slashdot.org,qIfL3zt6xHX,BFATL826185FH6HB,554693139,08/07/2021
50130,Ezra,Lasslett,elasslett3m@digg.com,aGEjRhRMtBc,HQHZG812218FR0BZ,1034485099,24/05/2021
50131,Hillard,Hun,hhun3n@gmpg.org,Uz1Qwq,YIPUL695028NU9XS,378753929,18/07/2022
50132,Noam,Burchess,nburchess3o@accuweather.com,OLwI8GgjH7B,CLOLJ322242VM5BS,1795629321,16/10/2021
50133,Nelia,Broadey,nbroadey3p@mozilla.com,F3faMBuW,BZHFI048250EE1RR,6240933016,02/07/2021
50134,Julieta,Sorel,jsorel3q@narod.ru,XfPwC2R,DYPEG488418MD0KS,4720890750,14/06/2022
50135,Justin,Trittam,jtrittam3r@feedburner.com,N6AuIJCe,GTHDN793865HP6UI,4510497638,28/02/2022
50136,Merle,Mirralls,mmirralls3s@upenn.edu,HigEQd7kJjn,EVZJT110910OZ5GG,8776301672,12/04/2021
50137,Chick,Kelemen,ckelemen3t@msn.com,8ui8hy,NVBKA749505WC2KI,4909820758,08/01/2022
50138,Sutton,Hamnett,shamnett3u@163.com,r8wxZg,DMRML451147PE9LL,2632540730,10/02/2021
50139,Roddie,Yakobovitz,ryakobovitz3v@flavors.me,jD63ul,TJBHB804477HF0MP,2337133730,10/01/2021
50140,Cece,Benedettini,cbenedettini3w@artisteer.com,7ed0N0W9eGs,ABEIC411359YR8ZH,3236739975,01/06/2022
50141,Dmitri,Aynsley,daynsley3x@spiegel.de,IF3GxUSR,CVIKU967965JM7UI,1416485857,06/07/2021
50142,Oona,Verzey,overzey3y@deviantart.com,Aob13uhjbO,OGJDY603518SN1IR,29070069,02/12/2022
50143,Tobias,Housiaux,thousiaux3z@utexas.edu,gSMa0YDSB4,KDHPB313849SQ4IV,1910612783,17/01/2023
50144,Sarena,Ebi,sebi40@cbc.ca,eq0ezZqjG,INGJC389808WD9NF,4922188443,07/06/2021
50145,Holly-anne,Bellinger,hbellinger41@baidu.com,JgpD9A,VRGFZ523879RH6SA,851774324,05/06/2022
50146,Cathyleen,Murton,cmurton42@icio.us,KToDGfjL,QCKVK758297LP7DH,3331456332,07/10/2022
50147,Haven,Longthorn,hlongthorn43@webs.com,hcvmxdKP3,GDMSF275156CE3KN,5893974783,25/02/2022
50148,Lanae,Isham,lisham44@facebook.com,032Yampn3Z,IKYZQ983484WB6TN,9533862403,12/08/2022
50149,Diego,Ellerey,dellerey45@imdb.com,mRS3YrmNN,UECFK656483UM8SY,1441836746,24/04/2022
50150,Flinn,Sykes,fsykes46@taobao.com,QJRqbhj,YSXOU235655VB1QZ,4045402834,29/08/2022
50151,Katrine,Chartre,kchartre47@epa.gov,njaJCwmS,JBIXR431820AT6VQ,9282673065,14/04/2022
50152,Jandy,Fisby,jfisby48@salon.com,9hBFHZfnxW,TAGPI834971UG0GH,8776832771,22/09/2022
50153,Maggi,Dumphry,mdumphry49@blogspot.com,uegSYXIu1g,BQRKM085119JO2ZS,8769382574,21/04/2022
50154,Decca,Speke,dspeke4a@clickbank.net,GJoK5nW,PSHVB206049HM0AZ,7802457863,26/11/2022
50155,Melitta,Shipsey,mshipsey4b@go.com,yJfndyXAIV,CTVSI574675ZV6MA,8964745335,06/05/2021
50156,Nancey,Girdlestone,ngirdlestone4c@fema.gov,TQH8Xmr,KNOKX207658QI9XW,37849499,21/01/2022
50157,Shandy,Bolam,sbolam4d@parallels.com,sAsoy1,DPFKH225180BB0JC,395442743,19/10/2021
50158,Maddalena,Lynnett,mlynnett4e@feedburner.com,uKydRrNBgT,EOKGX768799DG4OP,1908180007,08/05/2021
50159,Letty,Jepperson,ljepperson4f@istockphoto.com,Kz0IZ4mn,CVSLF408946MK2TQ,5603286825,09/05/2021
50160,Ev,Dyter,edyter4g@samsung.com,obsZ5b,GVVOE261554HG8BZ,9906724815,11/09/2022
50161,Gabriell,Mehew,gmehew4h@acquirethisname.com,V8wK8cbxPsH3,ZMSLP767462BC3WM,5703111104,19/04/2022
50162,Penni,Havelin,phavelin4i@desdev.cn,IP1wlUFk,JAOIM431981QU8QB,9502910479,31/07/2022
50163,Nert,Rennock,nrennock4j@cnn.com,Hl9NpqpS,ZPRQK385084RT4JB,4324389663,16/03/2021
50164,Kyrstin,Tolhurst,ktolhurst4k@163.com,2rw3cwCdwb,BIGYE798621KL8OH,8124005150,20/09/2022
50165,Joye,Tootell,jtootell4l@sogou.com,fSDHMz94Pski,ASKES654395AI4SD,5486584318,18/02/2022
50166,Oralla,Comettoi,ocomettoi4m@homestead.com,oPWXE25R,EHLNQ181453NO6NU,2310577605,02/05/2021
50167,Ciel,Saffle,csaffle4n@amazon.com,3zwU2HuqZj3,WUUWD496640PT4VL,3691300786,02/03/2022
50168,Paddie,Revelle,prevelle4o@springer.com,K5Dwb0,EWNVJ754040IU4ND,523390169,16/01/2022
50169,Nolly,MacCallam,nmaccallam4p@va.gov,tZ6mnw,YXFVR462682EP2HV,985938082,29/07/2022
50170,Floyd,Punt,fpunt4q@marketwatch.com,6WzoxDZt,FGKQQ331307WZ1NL,231930962,24/06/2021
50171,Robbie,Huthart,rhuthart4r@cnn.com,LFkC9GozFR9,CBPPE408319OH2PD,9913515831,26/09/2022
50172,Myrtia,Casely,mcasely4s@vinaora.com,0RnC31,XEEAI530338IQ7HA,2803075891,26/04/2021
50173,Alla,Cregg,acregg4t@ovh.net,O4J2pREGlJ,KRVQN246115HZ1YG,4564839783,22/04/2022
50174,Frederica,Pettyfer,fpettyfer4u@spotify.com,ZTFAuYGT,AXGED957131SI2GY,6777521726,15/03/2021
50175,Merridie,Rook,mrook4v@scientificamerican.com,HoZDbC,LSVMA943707HV7ET,1126750123,05/08/2022
50176,Leshia,Frankham,lfrankham4w@fema.gov,t47xfwnwfB,JUMOJ434247JW2BT,2831115736,14/09/2022
50177,Dora,Geerdts,dgeerdts4x@engadget.com,dS9bhlLbyzut,AKNEY816385RW4GW,6466821601,16/11/2021
50178,Wernher,Dawtry,wdawtry4y@delicious.com,dAWOhT,UOJLK415925JH8MK,6708683381,08/08/2022
50179,Osbourn,Edgerley,oedgerley4z@paypal.com,uskfr6,CBLFS529335KG0JV,6075040909,31/03/2022
50180,Kori,Isacoff,kisacoff50@goo.ne.jp,xOp7UXI5,OOPTS990668QY6AV,7302638796,10/12/2021
50181,Ertha,McCloy,emccloy51@printfriendly.com,2dwgm6KXmX,NTRCE145142KG0WI,6786173314,20/06/2021
50182,Sidney,Sandels,ssandels52@thetimes.co.uk,jBObNt7tKy,LUBCS876567XA4WD,3802964854,23/03/2022
50183,Rollie,MacDearmont,rmacdearmont53@ycombinator.com,FJhQ11Ka,QBCEK882756UQ4TK,7766097440,23/07/2021
50184,Edgardo,Hurran,ehurran54@liveinternet.ru,lzd1gWd7P4T,CWAMR000926SD3ZW,3699578571,24/06/2022
50185,Dosi,Spinetti,dspinetti55@feedburner.com,fcdBYq,CIFVS805749JI1UY,7112095742,16/08/2022
50186,Emmalyn,L'Episcopi,elepiscopi56@wiley.com,dOZhOeNHeiH,KUBCB586435JC5MQ,7876869250,17/07/2022
50187,Demott,Manuele,dmanuele57@homestead.com,CSHa2WdERif,NAWPL104703OS2GD,1310397790,15/09/2021
50188,Margareta,Bartrum,mbartrum58@simplemachines.org,DZ8PaDZq1,RGGLP717440CX1RB,3738186379,28/05/2022
50189,Chic,Blockey,cblockey59@cdc.gov,3fMzAOfCfnGF,SELNC121195MM6PD,2373019058,27/01/2023
50190,Bailie,Coon,bcoon5a@npr.org,msivZG3Bw1B,PHLVI004131OV5YI,4655511476,23/03/2021
50191,Annalise,Rushe,arushe5b@mit.edu,E9KHbx02Cu,QTNGF510999YS1ZT,3712748349,12/03/2021
50192,Viv,Danovich,vdanovich5c@dion.ne.jp,83eepkHsM0p,ZTCLK074148PA2DP,7249394439,26/07/2021
50193,Mireielle,Cordero,mcordero5d@cnn.com,sTqXRLMaW,PAAYM797009WO5PC,2273122927,03/04/2021
50194,Norbert,Raffeorty,nraffeorty5e@skype.com,SGzTAoeYg,FTVYQ668615AA3QQ,3263814552,28/01/2022
50195,Joseito,Begwell,jbegwell5f@cnet.com,87D6Sa1F9CSf,FLTSK781626IZ2OH,9171733453,26/04/2021
50196,Cy,Gyves,cgyves5g@clickbank.net,alstKDklYl,SCHXF149259PH2ZL,4926432261,13/06/2022
50197,Vania,Hudspith,vhudspith5h@amazonaws.com,CMJMMAKZQ,QXXTB048121CE6RZ,1465226117,27/05/2021
50198,Breanne,Harroll,bharroll5i@adobe.com,pl8ZUBhK,LFADK433306DE9WH,2673717255,06/06/2022
50199,Alexander,McLeish,amcleish5j@cornell.edu,emXxL3,BCYJT869536ID9AF,2798568842,05/04/2021
50200,Kain,de Keep,kdekeep5k@so-net.ne.jp,Ucq2FT3,QAEAU864664IF4VO,896278613,31/07/2022
50201,Selestina,Dommett,sdommett5l@nydailynews.com,5scBTk,PICJW408753MU5XR,6881706882,11/01/2022
50202,Winnah,Doman,wdoman5m@mashable.com,G6os8Ph,MBURB727050EN0GZ,1701744997,28/03/2022
50203,Johny,Manneville,jmanneville5n@hexun.com,tkVArF4BlJmK,VUHPA313579SM2IR,1551198341,12/12/2022
50204,Celinka,Bearsmore,cbearsmore5o@themeforest.net,zQmbIkvH,EWKWP865692QE0RJ,9279540248,15/10/2021
50205,Andee,Rawlins,arawlins5p@instagram.com,Mr9gaiVud9,JWIDX588158XB4NE,3796404362,20/07/2021
50206,Siobhan,Bernaciak,sbernaciak5q@state.gov,WhsuS4E,EOBUN492901UW2OD,3916191439,27/10/2022
50207,Evangelia,Karpushkin,ekarpushkin5r@sbwire.com,X5HMSrRBg,SQRAN065822EW6DN,455360176,29/09/2022
50208,Dyanne,Lyngsted,dlyngsted5s@51.la,SK3IwQ9qeTx,ZTBAG770247PW0KM,4253110835,18/02/2022
50209,Millie,McCague,mmccague5t@pagesperso-orange.fr,HCh81af,IXOSW992104VT9TT,6730124594,18/11/2022
50210,Bruce,Habeshaw,bhabeshaw5u@wordpress.org,BqcwawQ,GUSFB508800EU3SF,1893309116,26/11/2021
50211,Tommy,Skull,tskull5v@paginegialle.it,o3A0wK,DJBJC830641DN4UZ,7405929350,24/12/2022
50212,Willow,Labb,wlabb5w@issuu.com,aKmYiDYUWV,QVIPX502377ZU9EK,4354973566,30/08/2021
50213,Bernelle,Ainslee,bainslee5x@apple.com,KDrc1zsru,EPBIK018858RM9UI,8489220855,13/09/2022
50214,Derrick,Rippingall,drippingall5y@dailymotion.com,pYW37F784UDn,UOGTW699918VS0RX,3526033758,07/06/2021
50215,Waring,Fellini,wfellini5z@histats.com,ZtMcAfnl,OSINY003162HF4MV,1545757116,04/08/2022
50216,Hakim,Aslam,haslam60@state.tx.us,OSTghHmu,STKAP785561UT7WH,3292119015,15/09/2021
50217,Nonna,Gadsdon,ngadsdon61@google.cn,xRB9w62AqYd,JFJOJ148928BF0ET,9814777542,03/02/2021
50218,Phillis,Swannack,pswannack62@fc2.com,96ix1Yavyh6,RQAJO158046CE8WH,1603272461,15/04/2021
50219,Jonie,Treacy,jtreacy63@blog.com,WO9EDomZSVF8,KNOSD865258TS5II,8553018723,28/03/2022
50220,Tatiana,Trinkwon,ttrinkwon64@merriam-webster.com,2rOgO2p,GISVA639440SI2YY,3023484570,17/11/2021
50221,Elita,Seydlitz,eseydlitz65@nationalgeographic.com,6coEFgY,YRRVU095110DS2MC,5625508957,02/01/2021
50222,Ardath,Drillingcourt,adrillingcourt66@typepad.com,OMlm2gJ,NLYEC084679FO1HQ,9265016968,10/04/2022
50223,Samuel,Richardsson,srichardsson67@bandcamp.com,U1IsLMz,UVIIE260428WC7QP,4271513725,12/04/2021
50224,Tommy,Mulholland,tmulholland68@reverbnation.com,8Ma96PRYRW,BTOXZ823195NX4TK,4474860331,19/06/2022
50225,Quint,Colaton,qcolaton69@360.cn,0H46P4P,YQMAQ436205TL1CI,2488640754,30/05/2022
50226,Phaedra,Mauro,pmauro6a@yahoo.com,QKWwyK9YYih,CLSOX036218TM4JZ,6776750725,14/03/2021
50227,Harri,Trowler,htrowler6b@adobe.com,L2nFwMgK9,FEBLG871507MF0PH,7927232929,13/12/2021
50228,Kary,Eddington,keddington6c@unblog.fr,9KiMYz7,XIJUG896201UD0KR,1930979748,11/10/2021
50229,Wood,Gayter,wgayter6d@tinyurl.com,o7YSzHbVQl,GGHSA327040HH8NR,9588504267,24/06/2022
50230,Edmund,Roma,eroma6e@icq.com,APpXGD2w0Z,PRLFU937018BD4YT,3302454204,14/01/2023
50231,Guglielma,Cristea,gcristea6f@eepurl.com,sff0K0,TUMNO611863WC8NF,8293569120,04/02/2022
50232,Ruthie,Hollington,rhollington6g@bigcartel.com,DWYe7p3dUnxf,NPXON182682ZG1YU,6948551804,04/08/2021
50233,Colver,Simioni,csimioni6h@is.gd,y7JsIdkOA,KUHCO942303XZ2DV,3147216413,08/03/2021
50234,Ellen,Nial,enial6i@narod.ru,JlpBb7vSji,AJPZQ156104YG6UT,2653284567,04/07/2021
50235,Leta,Ginnelly,lginnelly6j@youku.com,UdryOD,FBLWC599310AL6HN,2190084637,09/05/2022
50236,Candida,Silby,csilby6k@xinhuanet.com,Q4DFagBnvY,KHAIQ940360JX6YU,3474676001,12/04/2022
50237,Petunia,Servante,pservante6l@vk.com,I9bLE7KFSS,UQRNP034850CZ5SG,5587023043,27/10/2021
50238,Klara,Heatlie,kheatlie6m@berkeley.edu,66eCx91D,PKITS644664UH1OL,2043970139,12/09/2022
50239,Dewie,O'Regan,doregan6n@ifeng.com,SF6axtHYd,ROPPM922159JB7NX,8742113863,18/03/2021
50240,Pen,Sartain,psartain6o@taobao.com,anltxw,GDJDY383909WA0PD,6150195925,21/09/2022
50241,Nonnah,Babonau,nbabonau6p@sciencedirect.com,JFKAj1bNo,XMOZU161196LB2KA,7103204809,09/03/2022
50242,Wallache,Clissell,wclissell6q@hhs.gov,pqTzFN9CP,CRHLW782755VT2IS,2200166184,26/05/2022
50243,Tripp,O'Howbane,tohowbane6r@networkadvertising.org,lgNBlHFRMaqp,NKIBZ344369RZ2IX,9193873675,11/05/2022
50244,Paco,Makinson,pmakinson6s@boston.com,hUYKEH8k,QQEBY822619IH6LF,317603514,07/10/2022
50245,Dewitt,Schall,dschall6t@icio.us,hQ8ck4P,ODYAR637520WS1YN,618649598,28/08/2022
50246,Dayle,Meo,dmeo6u@who.int,wF5lAzN,AWPID442705YY1GE,165849948,17/01/2021
50247,Conrade,Ebden,cebden6v@pinterest.com,dLBSo7O,DLRJI706382SF2GU,126406444,12/02/2022
50248,Sigfrid,Tchir,stchir6w@mail.ru,uhJgmPWO,SLCSK558689DS0MW,2830637178,23/05/2021
50249,Darb,MacPaden,dmacpaden6x@dedecms.com,P7w8TG,AGODP930319UZ2RV,8781440802,01/08/2022
50250,Nerte,Hubback,nhubback6y@washington.edu,il2FQHlcjKLf,VCJQI755661TB7OE,3495957787,05/10/2022
50251,Stefan,Amaya,samaya6z@yale.edu,dqTyoDL,NKMVE777063DK4OW,6640865896,01/02/2022
50252,Kaycee,Morter,kmorter70@upenn.edu,VqJM35VcZm,JRKFZ326523ZJ8IK,4169451038,21/01/2022
50253,Eadith,Darlow,edarlow71@paginegialle.it,mP31ssjiyjw,GRPKW489767PL4BP,9317850480,19/02/2021
50254,Margi,Bettenson,mbettenson72@uiuc.edu,w9xLsEv21V4,BATAQ274572AE4PL,5035719304,30/10/2021
50255,Carny,Scougall,cscougall73@shutterfly.com,ltoXclAQ,EOHGW968334JB6JX,8622910744,16/01/2021
50256,Teodoro,Woollam,twoollam74@foxnews.com,e0DxsSxNo9,YJPYL050074HI5RF,1889401844,26/06/2021
50257,Giuditta,Waumsley,gwaumsley75@slashdot.org,4px6NHVoRxh,TQMOA379821BI0SL,5910633441,14/09/2021
50258,Donovan,Alebrooke,dalebrooke76@nps.gov,i0gvXCd7crSa,KRZOP955145NW0MR,5237221890,27/04/2022
50259,Eugenie,Managh,emanagh77@ft.com,k1iCWLu9,USHUK647940EH9TY,2790211390,22/07/2021
50260,Dotty,Dukelow,ddukelow78@sfgate.com,7uEi5rZK3Xg,GHXBM776112OT5PL,446516790,20/01/2022
50261,Selig,Durber,sdurber79@addtoany.com,ZvTrl8O,DAIIH140095XW1RJ,2285176829,05/01/2023
50262,Romy,Hush,rhush7a@mozilla.org,cQOEoL5s0B3,EYPBP096458QJ8PX,1100676524,13/10/2021
50263,Zebedee,Vinson,zvinson7b@smugmug.com,Htivlxf,AIYOU906397EV6LH,5430707930,27/02/2022
50264,Gertrudis,Carayol,gcarayol7c@gnu.org,TbZ67LOi,OWWAI272811OC7CB,4960445364,28/11/2022
50265,Callean,Cheese,ccheese7d@blogspot.com,1Jhza3xj6Rk,YHYBF369425TS8RC,5169175375,08/10/2021
50266,Nicholle,Eagles,neagles7e@bigcartel.com,eJ4Ls7,QXYEB288651IU0TT,9395260400,02/06/2022
50267,Nil,Burwood,nburwood7f@edublogs.org,2JkbANleF,JGLWR883795VD6GB,9876028953,18/12/2022
50268,Darcey,Libermore,dlibermore7g@parallels.com,JL9wgd6bvRF,MWAKX561153WD4GW,1051784004,21/01/2022
50269,Lexy,Wicklin,lwicklin7h@sitemeter.com,zdUG4i8SWT,CVYVN720491PI5QA,7266548205,28/03/2021
50270,Farley,Blakelock,fblakelock7i@usda.gov,iuS7gw,FKZVP750796LN4YM,8286587773,17/01/2023
50271,Chrysler,Kleint,ckleint7j@cisco.com,XCxClhMT,MNTPW219342VC5FX,2337157474,01/05/2022
50272,Raychel,Leuren,rleuren7k@sciencedaily.com,h67ENTI,QWWDY267895HX5UW,8326244007,28/05/2022
50273,Lizette,Pittock,lpittock7l@marriott.com,ahYerMwz,HRMTC567990PN4WZ,3754495016,15/01/2022
50274,Gianina,Palia,gpalia7m@myspace.com,admkQiBKiTq,QQITR341901FU4FA,3899599268,29/05/2022
50275,Derry,Luckin,dluckin7n@feedburner.com,gVDERNxYxO,MDGLS764230UK0CI,9537580726,16/11/2021
50276,Hillary,Fessions,hfessions7o@booking.com,FM3v4j,EOHXO830692CY7ZN,3641208215,04/02/2021
50277,Dalston,Massenhove,dmassenhove7p@furl.net,5Bs19nNOQ,QVNQJ672001PE5GM,2888181914,07/02/2021
50278,Elwyn,Pezey,epezey7q@theguardian.com,7lzn0nRZ,EIZDE566503YD9WH,8027173277,12/11/2021
50279,Creight,O'Crigan,cocrigan7r@economist.com,IVLJyC9CXC,PTORC846697QV3YW,1924263898,05/01/2023
50280,Lukas,Bartoli,lbartoli7s@netvibes.com,uXOLB0x,NEMUM066846XV6QS,8597526933,18/08/2022
50281,Genovera,Hurford,ghurford7t@nytimes.com,NVquwUVJISzE,JIPYE285632KB7EG,9322786201,01/09/2022
50282,Dulcie,Alders,dalders7u@telegraph.co.uk,zbOMka,OOZLU218274LB7OS,8097645610,26/05/2022
50283,Kory,Haythorn,khaythorn7v@yahoo.com,Tc0vXdscc,UOZAX790446BY6QM,3073724083,08/06/2021
50284,Walton,Berntssen,wberntssen7w@github.io,NhoIxoQS5nIx,YRCPR889558JS5KJ,4183875194,06/12/2022
50285,Farlay,Diament,fdiament7x@histats.com,XfJYhEgkh3N,SKLUW432661CA4AP,583951532,11/08/2021
50286,Melisenda,Reimer,mreimer7y@dyndns.org,WvkQQemJyib,EEXFW237986WS2BU,3225187694,31/07/2022
50287,Angelita,Chugg,achugg7z@google.pl,pGKDPDZ,GTZHA078548PN2QZ,3496293948,21/11/2021
50288,Gigi,Fontin,gfontin80@earthlink.net,iihlw6lqfL,XENKF772083VM9ZA,5400570264,14/05/2021
50289,Kirbie,Glowacha,kglowacha81@phpbb.com,jG1R55lsflVJ,JUDGF553021WX9JX,9551815719,31/10/2022
50290,Hilary,Slader,hslader82@ning.com,Lzfvp94j,LEVQF733760QQ1DV,8759256648,05/09/2021
50291,Waverly,Luchetti,wluchetti83@shinystat.com,OVLgo1vXcatw,BQPSH213805PZ1UO,858054951,16/08/2022
50292,Janelle,Waldie,jwaldie84@dot.gov,dWX6vgtP,GNKTZ985941UT4BI,5221186038,08/02/2022
50293,Cristina,Rennicks,crennicks85@skyrock.com,vV5zNZqYch,OVPUT149649UB6IZ,5643534561,31/12/2021
50294,Dorice,Benez,dbenez86@springer.com,O0SOOi1n,WEMDM515123UI8DO,5354825155,18/12/2021
50295,Merrilee,Postance,mpostance87@simplemachines.org,h2Nohv94B,DBTRE058565NB3QG,3228713479,05/10/2021
50296,Marsha,Petticrew,mpetticrew88@usgs.gov,rlpfQP592gR,QOESL288436NR4IF,8030727345,10/12/2021
50297,Brennen,Studders,bstudders89@usgs.gov,QxX8EX6cOHsA,RFICD122454NO0AZ,7761454261,23/09/2022
50298,Vick,Woolmore,vwoolmore8a@virginia.edu,7HjTNrloOWe,ZEMPY213626BA3KI,1478667540,09/01/2021
50299,Christyna,Marklin,cmarklin8b@pcworld.com,nRimM7JlN,UXWVW371995RM1BH,9832865685,10/03/2022
50300,Worthington,Grimoldby,wgrimoldby8c@delicious.com,aclShQX,GPACM279898KV2QV,6013411643,25/04/2022
50301,Tony,Meneyer,tmeneyer8d@1und1.de,FXu8dUAw4F,EOXMT828060ZU1HL,4636986993,10/05/2021
50302,Corene,Ruhben,cruhben8e@rediff.com,8xnGNvAv6,NUGGJ475723JV9MD,654955391,19/08/2022
50303,Gayla,Wheelton,gwheelton8f@bigcartel.com,0RpJCG8r,HROAX597465VI2PY,1330667232,08/08/2021
50304,Augustus,Allot,aallot8g@google.es,O6gcINGW,JVEMI020763WX4GQ,5500089728,21/10/2022
50305,Alfons,Lawlings,alawlings8h@archive.org,rf5A86FUFYzg,SVRWA014219ZI1HJ,6324793517,07/11/2022
50306,Carlota,McCahey,cmccahey8i@china.com.cn,qQMkt9bkD,QAQPK547586XW9GF,3631251661,27/12/2021
50307,Alyse,Hulme,ahulme8j@phoca.cz,UqGjpS41zA,YBMUO799844DP9TE,3841205978,07/01/2021
50308,Keene,Terzza,kterzza8k@cocolog-nifty.com,VaSHWlx2gt,LQJPN449660LU4ZA,3473483007,30/05/2022
50309,Halette,Philliphs,hphilliphs8l@amazon.co.jp,3dy0PqvXIF,REJXA568456VT6QJ,6784533374,21/03/2022
50310,Coop,Starbuck,cstarbuck8m@google.com.br,llw2wON,JWTVT546481KX4KI,8900902296,14/11/2021
50311,Roze,Whaites,rwhaites8n@thetimes.co.uk,0yRbrr,WQOVC030630NS0BW,9632571850,24/02/2022
50312,Monty,Brandli,mbrandli8o@ed.gov,91Lyo1XC0GZ,YWXRY203407KH7YG,2373386501,10/01/2021
50313,Lief,Cowle,lcowle8p@nydailynews.com,zvWQfqxLX5,NTHKA853040QT2OB,4430187025,02/04/2021
50314,Towny,Thurston,tthurston8q@digg.com,Y1tIRE8lEI,OCODA683023BY1XI,2413377574,09/12/2021
50315,Alla,Allchin,aallchin8r@upenn.edu,k2oS6DWe,CYHGP782179LI3VT,2651901758,23/09/2021
50316,Dimitry,Squibbs,dsquibbs8s@yellowpages.com,RvwBFs2McsZ,NLLHX831687LM4CB,3754054392,20/02/2021
50317,Anatole,Becket,abecket8t@usda.gov,7AhPmZy0il84,VNMDY065045CQ8KY,1452060911,11/01/2021
50318,Rozalie,Dalgliesh,rdalgliesh8u@hexun.com,66mCep4hJ,PRYYG624637TY8LS,890166618,17/04/2021
50319,Norma,Grund,ngrund8v@dropbox.com,NMicOMKRgRn,YDFOP155237ZB3KL,6348805068,06/02/2022
50320,Edan,Caslett,ecaslett8w@toplist.cz,4qNTOFRG,KKPDZ083181ND9PT,94368922,29/10/2021
50321,Carce,Betts,cbetts8x@godaddy.com,8hdseMU,PUGWW960635TB6HJ,111197577,03/10/2022
50322,Annmaria,Sivyer,asivyer8y@icio.us,6RfkRhinpGB,UKBDR823557QC9RB,1322828868,09/07/2021
50323,Kendal,Audiss,kaudiss8z@microsoft.com,JhyOGs,EHIDD297142WQ0BO,4471164625,21/03/2022
50324,Marietta,Dalloway,mdalloway90@webeden.co.uk,nynFolv0sME,ZAGZM809940EI1VV,8863029459,30/04/2022
50325,Sasha,Yielding,syielding91@nature.com,8zKudMa,WFYBC362511HK4XS,4683539007,11/09/2021
50326,Carrissa,Allingham,callingham92@squidoo.com,gK5ahu,MTFFE935452UB1UN,8577707298,24/09/2021
50327,Bonnie,Toquet,btoquet93@squarespace.com,fDFUqOueu,WGCJK191497OL3BK,1887940933,25/05/2021
50328,Wynne,Howes,whowes94@printfriendly.com,UvMEUG,YUVWA220764OK5GN,3003097974,25/12/2021
50329,Luca,Hofton,lhofton95@mac.com,sz0Z5V4,DEAAE763645GY0VZ,7507244531,25/04/2022
50330,Orel,Franzettoini,ofranzettoini96@jigsy.com,oOdMQNa,JCRUR852811HN5FV,3872548950,29/06/2022
50331,Pier,Pagitt,ppagitt97@jiathis.com,8MgbNXb5D,BBVNW493262BO8TF,944806203,28/01/2021
50332,Francisco,Lagden,flagden98@icq.com,napBK2VU,MAKPR403207DG9HT,3392966740,03/04/2022
50333,Barbe,Miguet,bmiguet99@seesaa.net,LiVboO2NV86t,FCQYQ151354KL1NH,2814807902,12/04/2021
50334,Ewell,Moxham,emoxham9a@gnu.org,m5gAyUR,OWWQE512440PO3SN,8865943844,10/12/2021
50335,Kelly,Tims,ktims9b@google.com.au,c1EixeN,LESUT526171QZ5UM,4318199583,23/01/2021
50336,Samantha,Brodnecke,sbrodnecke9c@typepad.com,wMmmpy1,OJHKO427103HO7XW,5393109702,24/10/2021
50337,Allister,Reed,areed9d@histats.com,t3We2wko5,GEACD742489FD3OW,8687326701,06/08/2021
50338,Griz,Palffrey,gpalffrey9e@dailymail.co.uk,jXkYMe,YIPMI963787OM0BB,1089539592,05/07/2022
50339,Samuel,Jeannaud,sjeannaud9f@technorati.com,f2JZkaSQjk,WCMIC415005BP8ST,8262150128,26/03/2022
50340,Staford,McGennis,smcgennis9g@huffingtonpost.com,s5ObX2dI1Q6,JZHFY186451HT0NA,5574350215,03/04/2021
50341,Hamlin,Baff,hbaff9h@nps.gov,P6h1bpRjyl,PFXYN842803SU0UX,2561538002,22/06/2021
50342,Stace,Tiley,stiley9i@ebay.co.uk,Bgrb0v18MlHm,KRJZP776579LT4WV,8600525971,30/01/2023
50343,Winnie,Andrieux,wandrieux9j@last.fm,JU7N3qwU,QBQOU925028ZQ4NA,4554608386,06/09/2022
50344,Claudie,Reichelt,creichelt9k@nasa.gov,ET8cylh,LJWLH355099HA1EO,5527691929,23/04/2022
50345,Jerrie,Booij,jbooij9l@cafepress.com,oEU2RYtZRkt,HQAUX653270JY7MU,3787858026,30/05/2022
50346,Shannah,Rolph,srolph9m@miitbeian.gov.cn,sOp3m1k,NLDVP630179GN7YM,2089142819,25/12/2021
50347,Trina,Carabet,tcarabet9n@accuweather.com,zKIGvyM9,WVKFC338715LR4NK,8384381606,14/03/2021
50348,Karen,Churchward,kchurchward9o@flickr.com,5R3p7I,DCEJL076990MW8VQ,2003989999,16/09/2022
50349,Efren,Jennins,ejennins9p@de.vu,Y1A0Zap,OCYQG011506FR9QK,8595452897,19/05/2022
50350,Cathie,Bensusan,cbensusan9q@hugedomains.com,C6LlPDRL,WJTSH031810WF0FO,2305229823,15/01/2021
50351,Nissy,Lanegran,nlanegran9r@imdb.com,d4XnRqk,NPXDY612361SO5WV,9907639199,23/03/2021
50352,Kenyon,Lismer,klismer9s@eepurl.com,3lyVHXlJaW,LOBXU609306CX1EL,1400964489,04/09/2021
50353,Rozina,Tebbett,rtebbett9t@hhs.gov,yXdZR8AcD,YRWLA584646AF4BV,3925960554,13/12/2021
50354,Jenda,Verrill,jverrill9u@miibeian.gov.cn,TsQZeHhzC6x,XJQNO097014QA6WB,8180061711,09/02/2021
50355,Flora,Hammatt,fhammatt9v@gizmodo.com,127TetZgpenW,DQUUB183079QR2LU,2988109356,25/07/2021
50356,Murdoch,Elland,melland9w@answers.com,dcrsPGiXe,VYWYW111276FQ9WT,6835529385,29/06/2021
50357,Jacquie,Duckworth,jduckworth9x@symantec.com,pSAfE23,DCIQH021016TE9YE,6076078189,09/09/2021
50358,Lutero,Schoffler,lschoffler9y@elegantthemes.com,piKxuo6,MRSMT118254LT2BO,2726840555,16/12/2022
50359,Cicely,Dwight,cdwight9z@hexun.com,rXxUbMP,EIKCW381359XW8SU,1961440776,18/01/2022
50360,Wait,Halloway,whallowaya0@canalblog.com,vianrAZY8H,UMNCP903519PU9XI,368763659,08/11/2021
50361,Roberta,Ashby,rashbya1@cocolog-nifty.com,13bnL7dLnPpu,UCAGQ904176LT4SR,6932891798,19/06/2022
50362,Parnell,Nealand,pnealanda2@gizmodo.com,1WsHAE9EI7oe,QZXAV694965EL0LF,1563914916,28/07/2022
50363,Emmery,Downer,edownera3@msu.edu,DGCq01MLs,YBLLX275471WO2DP,4400025593,30/01/2023
50364,Jamima,Landal,jlandala4@unblog.fr,3sYoP61J,XKGZL352593MW0GW,8038444003,12/01/2022
50365,Dominick,Huxstep,dhuxstepa5@1688.com,ZsOKZDtO,PDDPS201421UW4MM,5183512746,27/07/2022
50366,Hartwell,Tilsley,htilsleya6@dedecms.com,eA96NxDEkT,UAAEE438139PC7SE,5728976761,31/05/2022
50367,Della,Danielovitch,ddanielovitcha7@edublogs.org,2RxmJ0i8RnKd,FSVQA225893AH5UN,6400706288,16/01/2023
50368,Billy,Pendrich,bpendricha8@123-reg.co.uk,piUeH5qJ,HTMDU937575MH2UQ,801841398,11/09/2022
50369,Pyotr,Goghin,pgoghina9@networkadvertising.org,633qX5X,XXBOI096264OD8OF,695237899,07/08/2022
50370,Flin,Scamal,fscamalaa@slideshare.net,2DfOHx8Nqw,UKXJC082729ML3LX,3173047941,03/11/2022
50371,Dorelle,Berrey,dberreyab@sfgate.com,axH8YusonM,TRBDP946411SB2YC,4127033382,27/06/2021
50372,Minerva,Walewski,mwalewskiac@netscape.com,NTqAhpOKsNLa,DHETC793877OQ7FU,8717183431,16/11/2021
50373,Bianka,Jans,bjansad@bbb.org,X91bQavE0w,GPZIN500343SU5QK,8506954512,07/12/2021
50374,Ivie,Fearon,ifearonae@fastcompany.com,6z63zFiWHJA,LKFCZ559859AC9DX,6111133421,19/10/2022
50375,Quinn,Lujan,qlujanaf@whitehouse.gov,5YqnWiyt,DXXMD233608UJ1JW,4467937798,24/11/2022
50376,Dede,McKea,dmckeaag@netlog.com,6lrckR6vlxy,SCZRY471145IH1WU,9980269709,10/08/2022
50377,Sioux,Drackford,sdrackfordah@bing.com,202ohy7,XGYVD160050TY8UQ,7107928492,22/05/2021
50378,Tatum,Willsmore,twillsmoreai@godaddy.com,fQQbsEjva,ZLHWX941504GH3UX,1533964480,05/03/2022
50379,Delilah,Tour,dtouraj@nytimes.com,P96jsw7C0,OLRIL715706RF6WO,7997471712,23/06/2021
50380,Trish,Gaggen,tgaggenak@un.org,mFCFqvjAmfJ,ZNIKW302438EV4MN,5555140986,08/10/2021
50381,Theo,Lamonby,tlamonbyal@vinaora.com,nnUBPB,VBJIE371432EX7RJ,8135394460,05/04/2022
50382,Sonja,Farbrace,sfarbraceam@baidu.com,HCDMUbq,DFRRY231899CV2YT,9405596878,26/03/2021
50383,Diannne,Padgham,dpadghaman@alibaba.com,HZOuQ85pADiQ,TZEAX580498GA0RA,5769639601,10/07/2022
50384,Archaimbaud,Banner,abannerao@ted.com,8zLK08epmz,FVSQH511321GA3GN,2032133492,19/12/2021
50385,Kiersten,Lesper,klesperap@blogger.com,xSRDZkMuDo,LRQVU960891RG2KP,7455638819,27/04/2022
50386,Maren,Narup,mnarupaq@xing.com,Q8OiGA06CFT,YPOKM363940UU3YN,309817322,10/09/2022
50387,Bryn,Castelain,bcastelainar@statcounter.com,nGYCxU9,QEUIK491440ZN7LK,9416379570,28/12/2021
50388,Karlyn,Gillatt,kgillattas@cdbaby.com,NjYyqYKF2,AHFZB236602PS2VX,2844738899,07/10/2022
50389,Hanan,Castagnaro,hcastagnaroat@meetup.com,1b7z2L,PTLSB237913XN0OY,6062500970,06/01/2021
50390,Viviene,Vaines,vvainesau@qq.com,TYt3hf,WFMHW772354TN2TB,778650298,17/11/2021
50391,Gayler,Eley,geleyav@hud.gov,DOL90M8WjS,MFBJU422798HC0PV,5769792193,19/01/2022
50392,Maure,Blezard,mblezardaw@dagondesign.com,TwRf8GxodF16,AWTMT552221SP5FX,8945747899,02/04/2021
50393,Kym,Gendrich,kgendrichax@instagram.com,EbXIUM,BYDGY167912RX4ZW,3363289890,19/11/2021
50394,Rustie,Laffranconi,rlaffranconiay@google.com.br,mZSFwKHPL,NQITJ861063HW6KO,7860966891,20/02/2021
50395,Carr,Matuska,cmatuskaaz@sourceforge.net,jca1E8YO,ORIPX665733IR0XZ,6779242380,04/08/2021
50396,Bob,Ruse,bruseb0@dion.ne.jp,eoz7BV,YYPPB008478CX4AS,2985065511,30/04/2022
50397,Myranda,Dominka,mdominkab1@abc.net.au,yF5OuTD,VWZFB389303RL2AT,649785652,27/06/2022
50398,Ernst,Lardnar,elardnarb2@webeden.co.uk,x9GXU2Z,BHBHT836783TX9MP,1108331738,11/03/2022
50399,Adah,Clelland,aclellandb3@toplist.cz,bvXRUjA,KEGSF402437SO8HS,874093663,14/12/2021
50400,Jerrylee,Laurentin,jlaurentinb4@mail.ru,mSI31Ch,PXYTY196322TC6DC,546214090,29/06/2022
50401,Gerome,Anders,gandersb5@typepad.com,5Fsn9E,FRENI953799ZG6MS,8761515845,05/11/2022
50402,Gilda,Lighton,glightonb6@nyu.edu,Knyb0mhnvfU,SAZLW988567VK5SQ,7003942628,17/11/2022
50403,Elli,De Mitris,edemitrisb7@rambler.ru,S7AcFvHl2a,JBSGJ744348LV4YZ,1938137259,15/03/2021
50404,Kettie,Shakesby,kshakesbyb8@japanpost.jp,TY6gHuN4mm,LGVXB457576IP0EJ,5949033326,19/09/2021
50405,Joyous,Posner,jposnerb9@economist.com,RNDluemF,VACLJ801639WX2BE,5564004418,16/07/2021
50406,Ellerey,Lintill,elintillba@lulu.com,xWeMtRx5D,PURTS771690IB9AC,3390743273,02/02/2021
50407,Helge,Van den Velde,hvandenveldebb@archive.org,Llkt8hvefwNs,GEJUH084140EV8EK,1878311405,01/05/2022
50408,Loralie,Hurles,lhurlesbc@qq.com,tCkCmDfg,LWERY644905FE2TK,8593122309,03/08/2021
50409,Niko,Yurygyn,nyurygynbd@soundcloud.com,loMUP13UMwB,MQOVR203304TL5EI,4467076751,23/11/2021
50410,Willy,Reams,wreamsbe@independent.co.uk,bBa8zzMga,PMLWK909725JX2AC,6063372104,28/09/2021
50411,Axe,Aleksich,aaleksichbf@free.fr,DELbqh7Bwr,OGVEB232216WD1QV,146986418,01/04/2021
50412,Jacinthe,Sibly,jsiblybg@auda.org.au,1EKFzWOysMA,GZXXC040422QO8GF,413550069,21/09/2021
50413,Deeann,Tiernan,dtiernanbh@fda.gov,h4Dq3JtZF2,QTECD934687OJ6EZ,2408352456,24/11/2021
50414,Mitch,Bruneau,mbruneaubi@europa.eu,42oadhfgbPfK,CRHPX819916DS3XP,2220900616,04/05/2022
50415,Juliet,Tunesi,jtunesibj@independent.co.uk,N4ouMRQu6P,OSHTW289005QM1SB,8507929881,01/08/2021
50416,Neel,Elstone,nelstonebk@mail.ru,CeirV4va03V,GAZTK441209EI8RG,9132877581,15/01/2023
50417,Lana,Killiam,lkilliambl@who.int,o2brP5Wm7,JCYZF563403YQ4SV,9122074907,14/05/2022
50418,Gabriella,Clampett,gclampettbm@163.com,TJ2Ft5x5sIY,IBOOQ266707DV4EZ,8753818359,13/10/2022
50419,Isabelle,Rehorek,irehorekbn@illinois.edu,7Kuw8eIisFRr,KXMVD582494PH5RV,3094503433,14/11/2022
50420,Judon,Kilgrove,jkilgrovebo@jiathis.com,KR7ffV9xjlUb,GTBAW673260IC6DU,8723491527,20/12/2022
50421,Buffy,Pitkeathly,bpitkeathlybp@paypal.com,Z1KlT4kW,JLLCD392881DV3VJ,2344063517,25/11/2022
50422,Claudetta,Yorkston,cyorkstonbq@wikipedia.org,lkkSQzmje,CRSUV037604HF4JW,6856425065,09/12/2021
50423,Irvin,Comar,icomarbr@oaic.gov.au,71BpU5Gznn,DKFKJ291419YD4DC,5288386228,23/04/2022
50424,Mame,Headingham,mheadinghambs@wunderground.com,oXYff1F,SWEWJ457019NI0QZ,3958894637,02/07/2021
50425,Archibaldo,Konzel,akonzelbt@sphinn.com,845Ov6iLYS,CJMVN872776TZ2DR,5398138694,30/04/2021
50426,Adrienne,Sandercock,asandercockbu@addtoany.com,aHUGVlRR,DUQXZ181546ZU6MU,2369703578,08/05/2021
50427,Carmelina,Durnall,cdurnallbv@sourceforge.net,TERnollU3,LSGCD074601ED7ZW,780500110,26/01/2021
50428,Shir,Phelip,sphelipbw@psu.edu,8UM2vNNcVP9x,HSLQJ419352IR5KU,6745385981,14/08/2022
50429,Justino,Veck,jveckbx@redcross.org,aYqMLdoA3,OKWBB927803FD2NY,3681662146,08/07/2021
50430,Terrel,Mongain,tmongainby@theglobeandmail.com,ItlEqSYu,FFBQA433687EE8TH,4078988334,30/12/2022
50431,Faye,Ridgley,fridgleybz@marriott.com,Svt7er,LLLST834129WF3ZE,4757316716,08/12/2021
50432,Robinette,Lambin,rlambinc0@studiopress.com,6qMI7aaxT,RXYKA864965MR7FS,7103517177,30/07/2022
50433,Bendix,Simounet,bsimounetc1@google.co.jp,lUFfOm,FHOFO544517SF4LL,2229149364,10/03/2021
50434,Ronna,Ashpital,rashpitalc2@cargocollective.com,yLWY8OCoR,YPTZQ492323AJ3XZ,5915209700,08/02/2022
50435,Bathsheba,Kofax,bkofaxc3@nba.com,Hx2RId4n,CSNJI137078GJ9OT,4022708416,15/08/2021
50436,Bunny,Artharg,barthargc4@state.tx.us,NnVe3pCIPY0z,MNAUK982084VL4WN,1224345004,12/06/2021
50437,Lita,Hastie,lhastiec5@godaddy.com,OkQUIaXyQi9,EFKPZ566485ZO2ZF,3619033513,13/07/2022
50438,Marci,Fritzer,mfritzerc6@businessinsider.com,BqYmKonTjD,SJKCO229899HN7TB,7873957398,07/05/2021
50439,Leighton,Petroulis,lpetroulisc7@unc.edu,KsOTChHt2vXQ,MOKPF336961CS8KI,3993269751,31/03/2022
50440,Joice,Robshaw,jrobshawc8@merriam-webster.com,aBmrYif,RJMXX083594LR7FW,2387056460,21/09/2021
50441,Meier,Scawen,mscawenc9@dedecms.com,RROgpogE,ULVYZ593767GA7WN,9993360853,16/02/2022
50442,Anette,Sotheron,asotheronca@domainmarket.com,VrRXm9mu2A,LNUJZ383961PO4TP,3887236308,03/08/2021
50443,Leonie,Dunk,ldunkcb@yellowpages.com,ljErDY2,DBRBE474493EJ7LE,8956923578,19/03/2022
50444,Cirilo,Lusher,clushercc@ow.ly,HPwfSxhYiwRH,FJOJP515556NB3OQ,1487751174,30/08/2022
50445,Irvine,Cianni,iciannicd@xinhuanet.com,gtZAv5BX,QBXZQ149385PR1QO,641443180,18/10/2022
50446,Laurent,Goch,lgochce@goodreads.com,jfmsQDY,RTNOW325556GN5HK,1305556034,02/11/2022
50447,Celia,Ebunoluwa,cebunoluwacf@businesswire.com,rWwE1G1ZgU,OKZGX932533HT2YT,2595538465,16/01/2023
50448,Erinna,Flanne,eflannecg@twitter.com,gvf6uowGnD,OVUDM194707QI3LM,860385254,29/12/2021
50449,Tanney,Felmingham,tfelminghamch@yolasite.com,d5chzIIOI0,LWMOT037255WA1QR,9849361796,21/03/2022
50450,Modesty,McBlain,mmcblainci@ask.com,uY3Q8wbdgY,VXEKD804668HK4RB,8393051780,05/06/2021
50451,Moyra,Pacheco,mpachecocj@yolasite.com,nhI1VU,YFTKK595296XV6XL,2532261378,16/04/2022
50452,Alie,Ossipenko,aossipenkock@bing.com,lQRosZcgWTl,UKQLS842646PK4KO,7677280377,12/10/2022
50453,Constantia,Samet,csametcl@umich.edu,mZoyPXfGzfx,FWHCX828410IC0NP,7405557606,17/08/2022
50454,Katleen,Warratt,kwarrattcm@cmu.edu,hWQ8VDYFH,DNCRP849117MH7MA,7046613118,16/08/2022
50455,Melanie,Bonnick,mbonnickcn@technorati.com,gZgoBLMwlib,ERCFP184945QP8XF,7022346529,10/04/2022
50456,Johnnie,Muckersie,jmuckersieco@state.gov,6rKwbYt,XFTNY037336TO6TM,911269949,17/09/2021
50457,Hilary,Anstey,hansteycp@yellowpages.com,8uJ6x4m,EUSOO790509ZT7YM,3158755234,29/10/2021
50458,Loren,Ginity,lginitycq@omniture.com,9Q1I2p5Sl,SZYDH611575IK7DW,7371110147,02/05/2022
50459,Cora,Gilliat,cgilliatcr@gnu.org,hZPE0jNDaxn,JMCJK534993GU0DU,8031663989,04/09/2021
50460,Lauree,Dunican,ldunicancs@51.la,8wCllLihRMDV,BZGHG310773DY7HN,6468011692,31/12/2021
50461,Brandon,Kippins,bkippinsct@discuz.net,ocLqnhjp,KYBNJ792789KI6OW,1874640444,27/10/2021
50462,Therese,Korda,tkordacu@nydailynews.com,fUSNo3HPO,NLXAB437714VQ4OW,5751011000,27/04/2022
50463,Holden,Bailles,hbaillescv@google.com.hk,3YDrxMhxXVed,WNHOE896047QS6XS,2991838256,04/09/2022
50464,Ajay,Fevier,afeviercw@who.int,Ohf9ATsR,YRYLD707376KM7DD,3045468094,28/04/2022
50465,Pansie,Janous,pjanouscx@tinypic.com,ftQy2CJ5gg,SVWDX591662IF1QL,2229706875,24/06/2022
50466,Betti,Raft,braftcy@furl.net,9ZLlrTtKL,GFUUN865368UQ2SL,8108799841,08/04/2021
50467,Raphael,Kemshell,rkemshellcz@networksolutions.com,Zgh28v9M,WADAO311148BR2EH,1570984474,27/09/2022
50468,Ambrose,Donizeau,adonizeaud0@csmonitor.com,iXRozyd5aK,AKAMU754391CH9FI,4644123159,21/07/2022
50469,Neille,Praten,npratend1@tinypic.com,LDo6D2rLJyX,ILVKX321658MV0JL,7009415994,10/09/2021
50470,Grata,Awmack,gawmackd2@google.ru,1qRaus,CQODM464909AR8ZT,5954615461,27/08/2022
50471,Christiano,Telega,ctelegad3@topsy.com,peAK4LJ,IFWKQ406663QA9VA,9013869640,17/01/2022
50472,Ransom,Dunsmore,rdunsmored4@spiegel.de,j6KWSOAl,ZZIBB473387WF2DG,4294809412,16/03/2022
50473,Pail,Turville,pturvilled5@mail.ru,cVNlPCHHkx,TCIOH253305PP9RK,868528408,07/01/2023
50474,Ephrayim,Stilly,estillyd6@domainmarket.com,BLj7vaTjb,WHZBS212745KA5KU,2370122851,05/08/2021
50475,Jacinda,Esp,jespd7@phpbb.com,Pw20l7zwot8,PPVRB127896ZN8LQ,6784659799,19/07/2021
50476,Filmer,Goodson,fgoodsond8@who.int,1NcV6RGBkl,PHWQQ274417CF3RG,485622639,06/01/2021
50477,Elsy,Cagan,ecagand9@marketwatch.com,Enb7OM,PXENL903136DD0CU,9290916427,28/07/2021
50478,Ike,Stainton,istaintonda@vkontakte.ru,OBpFYDlvT,GEUUT018761SL1UI,5040980007,02/09/2021
50479,Shelton,O'Moylane,somoylanedb@epa.gov,DxVp2R,EDNDM181095IH3WB,1223681824,06/01/2023
50480,Velvet,Andreu,vandreudc@theglobeandmail.com,aibq68PmNzM,BXSGQ423293OL2FV,3633892932,20/07/2021
50481,Haleigh,Blaydon,hblaydondd@domainmarket.com,TN5Acklg,XBYLS166933BY5VS,6810986184,10/09/2021
50482,Rennie,Di Domenico,rdidomenicode@umich.edu,8GnCutF,JWDPZ508982TE7XG,2891789180,09/01/2023
50483,Pammie,Adshed,padsheddf@cdc.gov,3dTW3o,FMZDS609339PV6PO,5997811115,25/02/2021
50484,Portie,Nixon,pnixondg@t-online.de,MruiHMcqKi,WDBFL724642UA6OV,7381519067,06/08/2022
50485,Laraine,Kirkham,lkirkhamdh@redcross.org,mo5OkhCWN,VLYCM359402XA2QX,3903477980,02/11/2021
50486,Jasmina,Greder,jgrederdi@constantcontact.com,sMgYxEvSXCk,OEWBG745003KB5GY,906995716,20/03/2021
50487,Rickard,Cromb,rcrombdj@barnesandnoble.com,y3x2ASa7,LGDER136047UK9TJ,7025535263,12/06/2021
50488,Clem,Bailey,cbaileydk@gizmodo.com,pEQEaM5AXcq,GGRCS453173US7AF,5248690754,06/08/2022
50489,Agace,Blagdon,ablagdondl@free.fr,iVNBrq2AXK,SELAJ286038TS7NP,8393050847,21/12/2022
50490,Beatrix,Beincken,bbeinckendm@google.com.hk,qsYf5Dog,WWWUS487911LM0PI,5827903166,24/11/2021
50491,Levon,Twaite,ltwaitedn@trellian.com,ei30sAJBv,DTLFI990865CK1IY,5764494793,14/05/2022
50492,Alon,Wolledge,awolledgedo@ucoz.com,eNGGfA9cN,WNLPD428139GC7QU,3788827427,13/03/2022
50493,Marabel,Duligal,mduligaldp@prnewswire.com,JMnszKvr,UNKBZ987760OD9NJ,2678224130,26/08/2021
50494,Millie,Tarr,mtarrdq@woothemes.com,HFBXprzTkyb,KPOZR837669QQ3LU,317812901,18/01/2022
50495,Sharl,Catcheside,scatchesidedr@godaddy.com,4YmDWw,EMCCT953022RQ7QH,3149996437,06/07/2022
50496,Giraud,Ackermann,gackermannds@odnoklassniki.ru,ZVc6dJT,OXRGS765846MA3EO,675406626,14/04/2021
50497,Rodolph,Havis,rhavisdt@prnewswire.com,d5ULGo,WIIMR996640AG8TS,2784580162,04/06/2022
50498,Dehlia,Bruyett,dbruyettdu@elpais.com,dlBhQ4yD3iy,DDRKW486873QP7KO,8293647788,11/06/2022
50499,Hannie,Paylor,hpaylordv@so-net.ne.jp,72j0ZI,WDPBP242113YX3UE,1684979369,04/12/2022
50500,Ermentrude,Ladbrook,eladbrookdw@marketwatch.com,ejrdYjk5rThO,EMIRS329396QL5KT,7606853836,05/01/2021
50501,Amelie,Lippatt,alippattdx@phpbb.com,0fk55uqnq,GUEON830452DE2JY,6899534241,01/09/2022
50502,Marta,Chatto,mchattody@si.edu,trfKy91ZUYW,LDDUG122953SM7PO,6699466342,11/01/2022
50503,Claudius,Goldman,cgoldmandz@macromedia.com,L5319fj93hw,HHLTR623236NJ8PB,1179529241,01/03/2021
50504,Conroy,Arnaudon,carnaudone0@1und1.de,okbukK,PFGYN561606RR0GO,2779790158,15/02/2021
50505,Yankee,Janzen,yjanzene1@nba.com,jzLQCeV,UKOHM094443YQ6GT,146873048,07/06/2022
50506,Iggie,Blyde,iblydee2@shareasale.com,3J00NvR7joB,RZQWM930137CN7EG,1610584766,16/06/2022
50507,Edita,Peeters,epeeterse3@ovh.net,cZhsA9OhE,WBORA909671TM3WO,8221170362,12/01/2021
50508,Minnnie,Lambell,mlambelle4@twitpic.com,7sIVAo4h,SGRJS026952AW1GV,130694604,15/05/2021
50509,Gay,Hunnybun,ghunnybune5@ow.ly,iHN4fMKcI,CYFEG862897IS3MD,2366347235,23/11/2021
50510,Westleigh,Crome,wcromee6@netscape.com,kjeff4rV,WQUEV624732UW8QY,4736597634,18/01/2021
50511,Rebe,Caulliere,rcaullieree7@spiegel.de,xcCMEL,UWYPE838194XE7PN,7470613302,26/09/2022
50512,Jessey,Ruck,jrucke8@seesaa.net,jx5kow,LRKOZ744297FK9TF,8016138259,03/03/2022
50513,Neddie,Drust,ndruste9@apache.org,ONB4yrK,KGFAW524722UX9YB,3598537594,28/01/2022
50514,Tory,Baccup,tbaccupea@squarespace.com,OxbIpI43,BIRTA403056CD2DX,9336967775,17/03/2021
50515,Ferdinanda,Sebyer,fsebyereb@cnbc.com,YMbKjAnbhD,UJWZV105218AN0BZ,1418466109,07/01/2022
50516,Ninetta,Elphick,nelphickec@usgs.gov,QE89zkia,ZXIGS060784KN3ZU,4911536544,08/07/2022
50517,Jacquelynn,Caris,jcarised@intel.com,sq3cVKRu,TCCOI955769BM3VL,3857884338,14/12/2021
50518,Melody,Macer,mmaceree@ocn.ne.jp,bmgMD5CcI,ODECW451295GM0WS,6854652473,09/04/2021
50519,Siouxie,Knoles,sknolesef@de.vu,gYH8mMggL,RYDCJ230655CS2DV,5800041,08/10/2021
50520,Morgan,Tomalin,mtomalineg@ibm.com,edWPju9n,HCMNR548436BI0GN,4478655330,05/02/2022
50521,Jackson,Ellor,jelloreh@t-online.de,DmujoSe,AIWGG032951RX8BA,6520918891,26/02/2022
50522,Vachel,Wassung,vwassungei@angelfire.com,yBRw8S6s,TRBUD677821DM0LQ,5557505207,08/03/2022
50523,Allie,Rosin,arosinej@bloomberg.com,knMp3rmqn2EQ,AVEFD066139VY7YG,6793160339,13/05/2021
50524,Regan,Ferrone,rferroneek@hexun.com,16uiwT5,SZECE754055TX0CB,6577544566,05/07/2022
50525,Crystal,Olpin,colpinel@lulu.com,SS8DXv32Zz,BKCFO512496QB2SA,6487424809,15/01/2022
50526,Ansel,Giovannilli,agiovannilliem@qq.com,R0t7VoaEsh,GQINM377056XA7ED,5787255049,11/12/2022
50527,Ethelin,Chiswell,echiswellen@geocities.com,y7WXm1,DITVT619734NM1RO,5401841478,05/01/2021
50528,Brantley,Rookwell,brookwelleo@ft.com,G9BqyMyr,XJCIH833590ND8RJ,1013207286,04/11/2022
50529,Michale,Keiley,mkeileyep@behance.net,LLCezkcUiR4w,UZYRR024648UF2ET,8069547993,19/04/2022
50530,Vilhelmina,Hukins,vhukinseq@irs.gov,rhURHsO,KGWJY991848QH3VR,7897373341,08/02/2022
50531,Annalise,Punton,apuntoner@fda.gov,lES7NAmrwSBI,OCQGF165908UT5HY,3229922290,07/09/2021
50532,Ethelda,Pideon,epideones@cdbaby.com,OYoiLm,ACCLR099579RQ0GW,3759819593,28/10/2022
50533,Dewain,Moreno,dmorenoet@shinystat.com,044W46,GVNBF472644AP0OW,7313214310,30/04/2022
50534,Haley,Sander,hsandereu@sphinn.com,HVO1lNm8Q,MSHBO079808UR5LE,6381856055,10/02/2022
50535,Susie,Murrison,smurrisonev@intel.com,hF94CC1,IMKSZ382502RJ1XW,1349680702,07/07/2022
50536,Kingsley,Halladay,khalladayew@seattletimes.com,kgLHsY,QHLCD976639JR8CP,626443462,28/05/2022
50537,Chantal,Cornelissen,ccornelissenex@yelp.com,KYcT7CAI,ZPIXH228035UH8WD,6312814417,27/09/2021
50538,Sholom,Wilmore,swilmoreey@webeden.co.uk,OA8PfDEGVNU,BEDIX014417ZJ9SS,5528041432,18/06/2022
50539,Frazier,Desesquelle,fdesesquelleez@sitemeter.com,qutwHwys8CoF,RVHXB517537NN9NT,1651332054,10/11/2022
50540,Shaughn,Goard,sgoardf0@nasa.gov,yl47wqjWp,ODCOY659745UP6SN,9063018979,27/08/2021
50541,Ulrich,Rillatt,urillattf1@boston.com,si7eCFs,GSTTU120315BR1MH,8940070032,25/08/2021
50542,Gayleen,Hastings,ghastingsf2@pen.io,3phVDZ1oAJmN,SPSAE663862JE8JZ,9898199939,06/06/2022
50543,Asher,Simeone,asimeonef3@va.gov,1jT8HO6,GURRU450156FN0UQ,5921742431,16/04/2022
50544,Debee,Marris,dmarrisf4@dion.ne.jp,WrLED9uLx4,OCOQW342342KD0EO,6419757610,14/01/2022
50545,Sigfrid,Lauridsen,slauridsenf5@google.es,1qq8oob,YWKKH587997MO0FG,7699247057,27/01/2022
50546,Brigitta,Lipman,blipmanf6@microsoft.com,DHj2Vh,MTNUX366929KI5KZ,9165259481,17/05/2021
50547,Tiphany,Matussow,tmatussowf7@google.co.jp,HUHleeUSe,LWMQR296954FG6YZ,3923861885,29/04/2022
50548,Tarrah,Moroney,tmoroneyf8@dmoz.org,Tr9owpP,SWKJY185442AG4MX,8818695504,20/04/2022
50549,Olly,Omar,oomarf9@domainmarket.com,XWypaaAG,JKWNZ616329AN4OG,9646537129,25/03/2021
50550,Alejandrina,Bradick,abradickfa@odnoklassniki.ru,4EnzjWCXy,MIAOL070401AV5YT,7765873669,05/03/2022
50551,Bordie,Ebanks,bebanksfb@telegraph.co.uk,8damscC,LUAJP512667UH7WK,5414383546,11/12/2021
50552,Carmina,Meader,cmeaderfc@ucsd.edu,WmgDC2Sv9I,XCWMM967373TC0HV,8432538513,18/01/2023
50553,Dollie,De Witt,ddewittfd@bing.com,LOmKoOLzy26F,YPWER648318MZ4DW,4251884244,22/05/2021
50554,Peggi,Willets,pwilletsfe@odnoklassniki.ru,Lff9ZB,WDRQL601670FT1RA,4468520273,18/10/2021
50555,Mel,Felder,mfelderff@epa.gov,EnbKZdB8,BLATD482452JT8WO,1094065843,19/06/2021
50556,Zack,Perche,zperchefg@washingtonpost.com,aXG1IH59rZ,UQGXU941593TN4AN,7692553588,26/02/2021
50557,Justine,Cullon,jcullonfh@oracle.com,5OI0CDRM0,TKBJK157497IN3TX,4197166150,15/06/2021
50558,Kelcie,Stoeck,kstoeckfi@furl.net,ppFYNtFM,CYZLH075327ZR8BK,7091203965,25/04/2021
50559,Mercy,Caruth,mcaruthfj@tripadvisor.com,LESIen,DUHUX240348SL5HE,3393364453,17/01/2022
50560,Georgetta,Eicheler,geichelerfk@amazon.co.uk,bWzMNZqwC59,LGESS984494SA0TE,1073845092,18/01/2022
50561,Denise,Pehrsson,dpehrssonfl@nature.com,yWviEr,LTXEW751387DS4AK,1487770905,18/10/2021
50562,Allissa,Ivachyov,aivachyovfm@utexas.edu,h46hxaQZCjGC,SPQAE473942BM9CM,2108996558,24/07/2022
50563,Kearney,Larimer,klarimerfn@youtu.be,c7qHXO,GNIMR407294AC5MG,3678652154,28/07/2021
50564,Richardo,Khomishin,rkhomishinfo@livejournal.com,odQGiD3lXav,ZGPXL106716IC1ZW,6920269657,17/10/2022
50565,Juditha,McEvay,jmcevayfp@sciencedaily.com,Rc2jFsIoL2WH,XWCTH184914JG7AU,2097714999,13/02/2021
50566,Barry,Villaron,bvillaronfq@unesco.org,We0t1iJRu5g,CBUKD743058HM9QS,4994125013,17/01/2023
50567,Tessi,Headley,theadleyfr@qq.com,mpgURzO7Cjc5,EKVLB289980YA4RX,878148105,22/08/2022
50568,Willy,Widmoor,wwidmoorfs@dmoz.org,YvB88v9MR4,UTKXP109264BL4FI,4894106485,15/01/2023
50569,Chen,Swafield,cswafieldft@amazon.com,F2EOKzLHBODR,QMIUW024665XU9FR,349141597,06/02/2021
50570,Daisey,Gooly,dgoolyfu@hud.gov,UCNCW8B5,CQTDF630375SN7NK,1947631392,29/04/2022
50571,Yancy,Lepard,ylepardfv@weather.com,FHm3iyKd,TTOHA622759FM1XQ,8066948730,19/07/2021
50572,Cornell,Hehir,chehirfw@wix.com,skqKi9rJ,FXPJT752792DK4TQ,3277894769,30/09/2021
50573,Charlie,Alleway,callewayfx@goodreads.com,NT8tjHe,JYQDU439922UX3YY,4691667462,23/12/2021
50574,Natasha,Fanton,nfantonfy@ed.gov,izPQlNZ4i,SUDUN651328IS7ES,1224822493,16/10/2021
50575,Edmon,Champerlen,echamperlenfz@artisteer.com,GP8MRS1dnb5,KYSMH223847CT7EN,27520697,28/07/2022
50576,Leora,Sowray,lsowrayg0@upenn.edu,kYtjcl3,VTOQY179483KJ6YM,7136335171,11/11/2021
50577,Stefa,Hunnywell,shunnywellg1@domainmarket.com,FWgDUc,KDLJT332541YK0EU,7912780988,15/01/2022
50578,Suki,O'Hagan,sohagang2@bandcamp.com,smCngpO5,EOVBE289664AW3DO,6264349973,24/07/2022
50579,Kali,Gauge,kgaugeg3@google.pl,9RRZVIptLKOT,YIMDL849028KQ7EQ,6273928942,23/02/2022
50580,Jackson,Burtt,jburttg4@npr.org,nh4tXEDyBM,SODKQ444949UT6IU,8675284210,19/04/2021
50581,West,Clarson,wclarsong5@census.gov,uRW7zGmc6,MJEZC492311XI7TC,857623078,18/04/2022
50582,Caril,Fargie,cfargieg6@businesswire.com,px9gLz,JRRNU260104IF3GE,9745122329,15/01/2021
50583,Winn,Grealey,wgrealeyg7@newsvine.com,LAUvcdIPSgUq,NUPOR360358OL6VN,210112126,03/03/2021
50584,Felipe,Hale,fhaleg8@opera.com,p1N9zCqHQvu,DQANQ474714MJ4HN,3984860381,05/08/2022
50585,Lishe,Durden,ldurdeng9@boston.com,OBwE5F,XIFDN041640RH8TW,9054490056,30/03/2021
50586,Stearn,Bortolotti,sbortolottiga@house.gov,NVo2PnFKwR5,WUWBZ091472VS0XZ,8535695648,20/02/2022
50587,Clementius,Klimpt,cklimptgb@examiner.com,KEET0onNJb,PBCOL598369AR0PI,5751545447,05/03/2022
50588,Pammi,Lages,plagesgc@printfriendly.com,hyBaqe,TOZHE532623TE9WK,4661312537,08/06/2021
50589,Henry,Hentze,hhentzegd@noaa.gov,sY3gGe,VSXPE906607CS6TE,9056342877,14/09/2022
50590,Boniface,Peegrem,bpeegremge@blinklist.com,e3sIOz4tnH81,GKYGC291117JL2PQ,3802187122,19/07/2021
50591,Barth,McGerr,bmcgerrgf@imdb.com,vE4tzKh,HVXJV898543PD8LX,7356865217,01/01/2021
50592,Rex,McMechan,rmcmechangg@ox.ac.uk,SkHqePsLo,BKASV801097WE2AF,7026568053,02/09/2021
50593,Jacynth,Wright,jwrightgh@senate.gov,mnf8nVah7gCu,EEPTN584621MH1TL,8356904807,14/12/2021
50594,Con,Enrdigo,cenrdigogi@reverbnation.com,xyxGBkioj40m,QRJZJ957758PO1HT,6019244571,20/04/2022
50595,Angele,Haddow,ahaddowgj@fc2.com,GTQu7mdKG,OAREJ990193ZW6LM,9154525414,06/01/2023
50596,Philippe,Glennie,pglenniegk@harvard.edu,DXivm2rsKqP,WKBTJ967641QR2OV,6493821830,01/01/2022
50597,Darin,Kevane,dkevanegl@webnode.com,JpkyHJi,PGTAY436680WE0WG,7501603504,11/07/2021
50598,Stanislaus,Mitchenson,smitchensongm@boston.com,YmKDgYT2GsqL,SWWLY118450YZ1WF,9303627223,16/11/2022
50599,Bernie,Locket,blocketgn@mozilla.org,c0BWgc3,FUPHM496994IR0KL,7582982440,16/02/2022
